Year,Iteration,Total_Levelized_Capital_Cost_GBP,Total_Operational_Cost_GBP,Total_Energy_Deficit_MWh,Number_of_Deficit_Periods,Max_Period_Deficit_MWh,Lost_Value_of_Electricity_GBP,CM_Mechanism_Cost_Added_to_System_GBP,Decarbonization_Mechanism_Cost_Added_to_System_GBP,Existing_Decarbonization_Cost_GBP,Additional_Decarbonization_Cost_GBP,Agent_Investable_Decarb_Income_GBP,Total_System_Cost_GBP,Total_Energy_Generated_MWh,Cost_per_MWh_GBP
2025,1,20988145908.170612,4294366172.2604337,0.0,0,0,0.0,0.0,0.0,0.0,0.0,0.0,25282512080.431046,233418788.2327892,108.31395480991328
2026,2,22211535510.377388,4014035641.7414384,0.0,0,0,0.0,0.0,0.0,0.0,0.0,0.0,26225571152.118828,233411510.78674862,112.35765992740286
2027,3,25608393612.528927,2604855839.825215,0.0,0,0,0.0,0.0,0.0,0.0,0.0,0.0,28213249452.35414,232509030.40112865,121.34259647326449
2028,4,26361908582.661533,2309004116.4662566,0.0,0,0,0.0,0.0,0.0,0.0,0.0,0.0,28670912699.12779,232483786.62255937,123.32435356309561
2029,5,26528133057.262062,2225655138.2880425,0.0,0,0,0.0,0.0,0.0,0.0,0.0,0.0,28753788195.550106,232390254.54678324,123.73061104316484
2030,6,27231671859.77867,1830924974.261144,0.0,0,0,0.0,0.0,0.0,0.0,0.0,0.0,29062596834.039814,232185284.79204258,125.16984812396622
2031,7,27348126102.931675,1774714470.1214094,0.0,0,0,0.0,0.0,0.0,0.0,0.0,0.0,29122840573.053085,232130814.99796933,125.45874434339039
2032,8,27405642172.617443,1744734974.5228162,0.0,0,0,0.0,0.0,0.0,0.0,0.0,0.0,29150377147.14026,232101492.13610777,125.5932345753557
2033,9,29777015924.170868,1098576170.7001905,0.0,0,0,0.0,0.0,0.0,0.0,0.0,0.0,30875592094.87106,231506404.98388478,133.3681981585793
2034,10,33461742103.23602,584405221.9090588,0.0,0,0,0.0,0.0,0.0,0.0,0.0,0.0,34046147325.145077,230924211.33338252,147.43429079419076
