Year,Iteration,CCGT_Capacity_MW,OCGT_Capacity_MW,Total_Thermal_Capacity_MW,Scenario,RO_Payment_Share_vs_2025,FiT_Payment_Share_vs_2025,RO_Legacy_Cost_Annual_GBP,FiT_Legacy_Cost_Annual_GBP,CfD_Baseline_Cost_Annual_GBP,CfD_New_Decarbonization_Cost_Annual_GBP,Existing_Decarbonization_Cost_Annual_GBP,Additional_Decarbonization_Cost_Annual_GBP,Inherited_CfD_Agent_Income_GBP,New_CfD_Stimulus_GBP,Agent_Investable_Decarb_Income_GBP,Annual_CfD_Increment_GBP,Decarbonization_Cost_Annual_GBP,CM_Cost_Annual_GBP,Total_VRE_Capacity_MW
2025,1,28000,4146,32146,future_base_2025_2035,1.0,1.0,0.0,0.0,0.0,0.0,0.0,0.0,0.0,0.0,0.0,0.0,0.0,0.0,39457.630000000005
2026,2,28000,4146,32146,future_base_2025_2035,1.0,1.0,0.0,0.0,0.0,0.0,0.0,0.0,0.0,0.0,0.0,0.0,0.0,0.0,44417.32812819437
2027,3,28000,4146,32146,future_base_2025_2035,1.0,1.0,0.0,0.0,0.0,0.0,0.0,0.0,0.0,0.0,0.0,0.0,0.0,0.0,59417.24620926133
2028,4,28000,4146,32146,future_base_2025_2035,1.0,1.0,0.0,0.0,0.0,0.0,0.0,0.0,0.0,0.0,0.0,0.0,0.0,0.0,62419.11627046899
2029,5,28000,4146,32146,future_base_2025_2035,1.0,1.0,0.0,0.0,0.0,0.0,0.0,0.0,0.0,0.0,0.0,0.0,0.0,0.0,64590.08707968861
2030,6,28000,4146,32146,future_base_2025_2035,1.0,1.0,0.0,0.0,0.0,0.0,0.0,0.0,0.0,0.0,0.0,0.0,0.0,0.0,71925.08681869067
2031,7,28000,4146,32146,future_base_2025_2035,1.0,1.0,0.0,0.0,0.0,0.0,0.0,0.0,0.0,0.0,0.0,0.0,0.0,0.0,73514.0880039455
2032,8,28000,4146,32146,future_base_2025_2035,1.0,1.0,0.0,0.0,0.0,0.0,0.0,0.0,0.0,0.0,0.0,0.0,0.0,0.0,74231.77355234572
2033,9,28000,4146,32146,future_base_2025_2035,1.0,1.0,0.0,0.0,0.0,0.0,0.0,0.0,0.0,0.0,0.0,0.0,0.0,0.0,83636.4840132883
2034,10,28000,4146,32146,future_base_2025_2035,1.0,1.0,0.0,0.0,0.0,0.0,0.0,0.0,0.0,0.0,0.0,0.0,0.0,0.0,98117.11427002604
