Year,Iteration,Solar_Capacity_MW,Onshore_Capacity_MW,Offshore_Capacity_MW,Total_VRE_Capacity_MW,Total_Storage_Capacity_MW,pumpedhydro_battery_Capacity_MW,pumpedhydro_battery_Per_Pool_Limit_MW,1c_battery_Capacity_MW,1c_battery_Per_Pool_Limit_MW,0.25c_battery_Capacity_MW,0.25c_battery_Per_Pool_Limit_MW,0.5c_battery_Capacity_MW,0.5c_battery_Per_Pool_Limit_MW,hydrogen_battery_Capacity_MW,hydrogen_battery_Per_Pool_Limit_MW,CCGT_Capacity_MW,OCGT_Capacity_MW,Nuclear_Capacity_MW,Hydro_natural_flow_Capacity_MW,bio_and_waste_Capacity_MW,Total_Thermal_Capacity_MW,electrolyzer_Capacity_MW,Total_Electrolyzer_Capacity_MW
2025,1,10066.980000000003,14711.649999999996,14678.999999999998,39457.63,5669.6,2828.0,26700,74.99604117181316,37.49802058590658,299.98416468725264,149.99208234362632,2465.869833729216,1232.934916864608,0.7499604117181315,0.3749802058590658,28000.0,4146.0,5883,2000,4762.0,32146.0,10,10
2026,2,14777.494377242885,14982.299999999997,14678.999999999998,44438.794377242884,26907.33,2927.9,27400,632.8696225917133,316.43481129585666,2531.4784903668533,1265.7392451834266,20808.75319081552,10404.37659540776,6.328696225917132,3.164348112958566,28000.0,4146.0,5883,2000,4762.0,32146.0,10,10
2027,3,24315.533762152274,14982.299999999997,20461.999999999996,59759.833762152266,59674.06304914156,2927.9,27400,1473.6894231881472,736.8447115940736,6802.828497295264,2947.3788463762944,48454.90823442627,24227.454117213136,14.736894231881456,7.368447115940727,28000.0,4146.0,5883,2000,4762.0,32146.0,10,10
2028,4,25732.39795359803,14982.299999999997,22462.0,63176.69795359803,65235.108724586404,3377.9,30200,1578.8065371901637,789.4032685950818,8351.455179211738,3644.0344668002917,51911.158942812595,25955.579471406298,15.78806537190161,7.894032685950805,28000.0,4146.0,5883,2000,4762.0,32146.0,10,10
2029,5,27276.484554837756,16126.818043335408,22462.0,65865.30259817316,68527.26268000601,3587.9,31800,1578.8065371901637,789.4032685950818,11433.609134631348,3644.0344668002917,51911.158942812595,25955.579471406298,15.78806537190161,7.894032685950805,28000.0,4146.0,5883,2000,4762.0,32146.0,10,10
2030,6,28803.33186554988,22548.628423811773,22462.0,73813.96028936165,73000.45887252023,4187.9,40800,1578.8065371901637,789.4032685950818,15306.805327145574,3644.0344668002917,51911.158942812595,25955.579471406298,15.78806537190161,7.894032685950805,28740.314331363348,4168.673025476277,5883,2000,4960.785502410944,32908.98735683963,10,10
2031,7,30332.12447929024,23268.286694191625,22462.0,76062.41117348187,78762.0087269841,5687.9,70800,1578.8065371901637,789.4032685950818,19568.355181609433,3644.0344668002917,51911.158942812595,25955.579471406298,15.78806537190161,7.894032685950805,29418.68078241122,4191.346050952554,5883,2000,5142.630443493109,33610.02683336377,10,10
2032,8,31676.066808811927,23763.528335343963,22462.0,77901.59514415589,84409.800136188,5687.9,70800,1578.8065371901637,789.4032685950818,25216.146590813343,3644.0344668002917,51911.158942812595,25955.579471406298,15.78806537190161,7.894032685950805,30013.078248798,4214.019076428831,5883,2000,5142.630443493109,34227.09732522683,10,10
2033,9,32997.24043713612,24225.58668103286,31496.199628317,88719.02674648598,90086.93266487132,5687.9,70800,1578.8065371901637,789.4032685950818,30893.279119496645,3644.0344668002917,51911.158942812595,25955.579471406298,15.78806537190161,7.894032685950805,30587.735730435586,4236.692101905108,5883,2000,5142.630443493109,34824.42783234069,10,10
2034,10,34203.082292285515,24688.834852529886,45664.03292504296,104555.95006985836,95838.77392533771,5687.9,70800,1578.8065371901637,789.4032685950818,36645.120379963046,3644.0344668002917,51911.158942812595,25955.579471406298,15.78806537190161,7.894032685950805,31143.077483252786,4259.365127381385,5883,2000,5142.630443493109,35402.44261063417,10,10
